,similarity,label
0,0.7851962572481105,1.0
1,0.8629150281156501,1.0
2,0.8067684276147575,1.0
3,0.7018630123988955,1.0
4,0.8526069637701512,1.0
5,0.7753398898997506,1.0
6,0.8727636085510101,1.0
7,0.9052517265862643,1.0
8,0.8813710433799157,1.0
9,0.6119049001121907,1.0
10,0.6680534518946398,1.0
11,0.8801293257346985,1.0
12,0.9095306772993275,1.0
13,0.878647386803071,1.0
14,0.7428578816120753,1.0
15,0.8619123086050637,1.0
16,0.844208843084026,1.0
17,0.7053169499614864,1.0
18,0.8739519036052088,1.0
19,0.7905507671845138,1.0
20,0.7190227419760654,1.0
21,0.6277324092604828,1.0
22,0.8298319835372043,1.0
23,0.817487698448711,1.0
24,0.8144078261998781,1.0
25,0.8913237332699055,1.0
26,0.7895347602715773,1.0
27,0.7717819724289866,1.0
28,0.7612763122353274,1.0
29,0.8421957768631689,1.0
30,0.7402908039785824,1.0
31,0.8750962316050377,1.0
32,0.9096958074139718,1.0
33,0.6416271096515469,1.0
34,0.6976806793252076,1.0
35,0.8884933944886364,1.0
36,0.7517653114110362,1.0
37,0.851718976396365,1.0
38,0.7943505252287915,1.0
39,0.8073079794570116,1.0
40,0.8093328375485083,1.0
41,0.8866007932510322,1.0
42,0.8171298290247748,1.0
43,0.8807916144493275,1.0
44,0.8470774466441243,1.0
45,0.8967737111852239,1.0
46,0.8686902377585225,1.0
47,0.8139409962547282,1.0
48,0.8630176684083876,1.0
49,0.7901172441917087,1.0
50,0.8180286603440848,1.0
51,0.804505026488917,1.0
52,0.8653581119566983,1.0
53,0.8523088211054212,1.0
54,0.8491771872825508,1.0
55,0.883492494230383,1.0
56,0.8969411567026533,1.0
57,0.8842845789791118,1.0
58,0.8921251045409831,1.0
59,0.8669700720632845,1.0
60,0.9010949676023927,1.0
61,0.8982600680821745,1.0
62,0.8854658701742741,1.0
63,0.8038659061901148,1.0
64,0.8609481447082187,1.0
65,0.878801851508956,1.0
66,0.9125784331398243,1.0
67,0.8355190465195984,1.0
68,0.8181833616297421,1.0
69,0.8504621420705419,1.0
70,0.9133095452852164,1.0
71,0.9184885018861524,1.0
72,0.9020533730192893,1.0
73,0.8394814388332613,1.0
74,0.8919473902436198,1.0
75,0.8843269188910868,1.0
76,0.8998919367229082,1.0
77,0.8899931028208455,1.0
78,0.9021381885138212,1.0
79,0.897510181814396,1.0
80,0.8816869946353755,1.0
81,0.910073101007827,1.0
82,0.9169120117708685,1.0
83,0.9009047620042049,1.0
84,0.8892312145080825,1.0
85,0.9021666030376433,1.0
86,0.9089951630320151,1.0
87,0.9129606833075063,1.0
88,0.9100457058799812,1.0
89,0.8834569502977095,1.0
90,0.8820611722073134,1.0
91,0.8691231949406851,1.0
92,0.8801411173879911,1.0
93,0.8245439346578223,1.0
94,0.8902248191111117,1.0
95,0.9047357012670757,1.0
96,0.9029598404284778,1.0
97,0.8211925359049161,1.0
98,0.8553435184481252,1.0
99,0.8841757199270758,1.0
100,0.906730542059226,1.0
101,0.8861616318654276,1.0
102,0.8425332137311391,1.0
103,0.8649758260142543,1.0
104,0.8866116350825454,1.0
105,0.9250104288790629,1.0
106,0.9139501596294904,1.0
107,0.8552806112749385,1.0
108,0.9334127950542562,1.0
109,0.8655504746261011,1.0
110,0.8732478298676744,1.0
111,0.8197917837492863,1.0
112,0.8431773659052859,1.0
113,0.9071689894635595,1.0
114,0.8586576085092565,1.0
115,0.9211082697222364,1.0
116,0.841359108575493,1.0
117,0.9105350328888161,1.0
118,0.8521727565177175,1.0
119,0.8201939116400876,1.0
120,0.8669708504593584,1.0
121,0.879591771534152,1.0
122,0.7904251224104412,1.0
123,0.7765975154157112,1.0
124,0.8346064729213779,1.0
125,0.7691329399056099,1.0
126,0.8794468273839058,1.0
127,0.8057787153025013,1.0
128,0.8695150100879696,1.0
129,0.707242699380299,1.0
130,0.8962833265690935,1.0
131,0.8434316505489088,1.0
132,0.8194035429374391,1.0
133,0.7393881156730844,1.0
134,0.7828713316850733,1.0
135,0.8245198438382974,1.0
136,0.7984362341464504,1.0
137,0.8862573340235069,1.0
138,0.8200684449352197,1.0
139,0.7043432225902063,1.0
140,0.7685433635316269,1.0
141,0.8197023366558577,1.0
142,0.8203345740759748,1.0
143,0.8753725034206244,1.0
144,0.8939825468642916,1.0
145,0.899994718460281,1.0
146,0.8846932081163434,1.0
147,0.8026809658664542,1.0
148,0.8435766989832488,1.0
149,0.8233714422097331,1.0
150,0.7279734444924414,1.0
151,0.8979001040503007,1.0
152,0.9186237719866642,1.0
153,0.9146786108857938,1.0
154,0.9214207319048154,1.0
155,0.8983849435446282,1.0
156,0.8933078700578666,1.0
157,0.7889350134025798,1.0
158,0.8508492862317508,1.0
159,0.7896375296200686,1.0
160,0.8211213059617977,1.0
161,0.8328422978140674,1.0
162,0.8742436737426812,1.0
163,0.7182917928934358,1.0
164,0.8488761055893124,1.0
165,0.8651749081908763,1.0
166,0.8372328357388851,1.0
167,0.7256674795871113,1.0
168,0.8521717583082071,1.0
169,0.8110675394109658,1.0
170,0.7534964381868982,1.0
171,0.8149344031171203,1.0
172,0.8518149861449433,1.0
173,0.7372224894695086,1.0
174,0.7294474811821483,1.0
175,0.8365102537174904,1.0
176,0.913290034485393,1.0
177,0.8959041979996177,1.0
178,0.8813173745180467,1.0
179,0.7739496057958395,1.0
180,0.9126120089875681,1.0
181,0.8575986217805409,1.0
182,0.8650552481063897,1.0
183,0.88311746976949,1.0
184,0.8777507278380552,1.0
185,0.8875920866888322,1.0
186,0.868954209551676,1.0
187,0.9181936027964227,1.0
188,0.9034481746327734,1.0
189,0.8146516831549444,1.0
190,0.8854831829864982,1.0
191,0.8894341479648656,1.0
192,0.8794962768385245,1.0
193,0.8449160094407266,1.0
194,0.9046793015685549,1.0
195,0.8024781486152434,1.0
196,0.6734274357392913,1.0
197,0.8572774525303006,1.0
198,0.8064909375591836,1.0
199,0.7468483851697656,1.0
200,0.8633169625078922,1.0
201,0.8674527720639033,1.0
202,0.7761033051608385,1.0
203,0.7773540002873952,1.0
204,0.88974525359853,1.0
205,0.7922531963516369,1.0
206,0.7678205916200812,1.0
207,0.8069274715270257,1.0
208,0.7929580189983365,1.0
209,0.8862741913390052,1.0
210,0.7870162728466411,1.0
211,0.8194948829223143,1.0
212,0.7634021420548416,1.0
213,0.8717185834193506,1.0
214,0.814485969645298,1.0
215,0.879982144026112,1.0
216,0.8092794079334655,1.0
217,0.855963565519281,1.0
218,0.8341292990630027,1.0
219,0.7751772023399787,1.0
220,0.8486748960540438,1.0
221,0.7879765574073115,1.0
222,0.8432575390567681,1.0
223,0.7911918225031895,1.0
224,0.8189703723453875,1.0
225,0.8960716534969838,1.0
226,0.8994898840047737,1.0
227,0.8828667181415507,1.0
228,0.8328339126925791,1.0
229,0.8719169103058252,1.0
230,0.8920957303958965,1.0
231,0.8947013991437214,1.0
232,0.8617423369895646,1.0
233,0.9143955923077913,1.0
234,0.9022820878961236,1.0
235,0.8593071250036431,1.0
236,0.8664623794877244,1.0
237,0.8988725044689669,1.0
238,0.9085294035389027,1.0
239,0.8209623702456385,1.0
240,0.9121282444290468,1.0
241,0.8597555698452283,1.0
242,0.8643940156421626,1.0
243,0.8353674622743548,1.0
244,0.8484127751822457,1.0
245,0.840315852912635,1.0
246,0.885361703897973,1.0
247,0.864366374262226,1.0
248,0.8965096849594846,1.0
249,0.943318030830967,1.0
250,0.9291079890506567,1.0
251,0.79287038133955,1.0
252,0.924563937653779,1.0
253,0.8000291072643274,1.0
254,0.9194476465787107,1.0
255,0.8058427353293602,1.0
256,0.8912929847111863,1.0
257,0.8814331078593185,1.0
258,0.8813633854358544,1.0
259,0.9147924573650267,1.0
260,0.8778986392891748,1.0
261,0.9164189649544604,1.0
262,0.8625411765437863,1.0
263,0.8919344637839133,1.0
264,0.8777009618909116,1.0
265,0.8909105192815053,1.0
266,0.8571821540399179,1.0
267,0.8382323793905064,1.0
268,0.8481870137373414,1.0
269,0.8893045129888644,1.0
270,0.909652969849647,1.0
271,0.8954884242407909,1.0
272,0.8982941542705353,1.0
273,0.7765557753935193,1.0
274,0.8496595773378269,1.0
275,0.8373279018489942,1.0
276,0.8330148035009974,1.0
277,0.7786104925253349,1.0
278,0.8627660004665815,1.0
279,0.8652642284345686,1.0
280,0.884585814096436,1.0
281,0.8204811689005278,1.0
282,0.9057734534646116,1.0
283,0.9007255788078673,1.0
284,0.8333273165205586,1.0
285,0.8961496998621977,1.0
286,0.8570513925911756,1.0
287,0.8254370920289942,1.0
288,0.8791268691905562,1.0
289,0.8807883562692302,1.0
290,0.8108902200831478,1.0
291,0.908789804086097,1.0
292,0.8741417277006507,1.0
293,0.8946031545351645,1.0
294,0.8858752830368017,1.0
295,0.7951486418375573,1.0
296,0.7048790171104511,1.0
297,0.9288703618963743,1.0
298,0.9022380114420904,1.0
299,0.8089062343956452,1.0
300,0.8713097080564906,1.0
301,0.7518604935487139,1.0
302,0.7615200283988922,1.0
303,0.7396880417049108,1.0
304,0.6039077409931283,1.0
305,0.9050201232395296,1.0
306,0.8337780155596815,1.0
307,0.861431855782845,1.0
308,0.8464230658369308,1.0
309,0.8446463442500728,1.0
310,0.7626795385769818,1.0
311,0.8639711821235561,1.0
312,0.841357342976654,1.0
313,0.6989849469139423,1.0
314,0.8603372357598075,1.0
315,0.8533283789244855,1.0
316,0.8573482547202479,1.0
317,0.903792104676466,1.0
318,0.9172355431099282,1.0
319,0.895390516454642,1.0
320,0.7723395991737086,1.0
321,0.9045778698259372,1.0
322,0.8743397530469073,1.0
323,0.8918834805594079,1.0
324,0.8972717184152934,1.0
325,0.8811047262833542,1.0
326,0.8979401616536635,1.0
327,0.8972606234188306,1.0
328,0.9094281166077729,1.0
329,0.8529924313565346,1.0
330,0.8804514469716971,1.0
331,0.823537385382338,1.0
332,0.9029078923673423,1.0
333,0.9021988859947078,1.0
334,0.9039676047494262,1.0
335,0.9133251756031201,1.0
336,0.872683123038303,1.0
337,0.8717266587970323,1.0
338,0.762708688372186,1.0
339,0.9149656111075961,1.0
340,0.8589638653156204,1.0
341,0.8457363381987375,1.0
342,0.862432064640054,1.0
343,0.9076170427795425,1.0
344,0.88950774339919,1.0
345,0.8157656902138272,1.0
346,0.89292395939136,1.0
347,0.8115437526665438,1.0
348,0.7751496882402557,1.0
349,0.7509868164328178,1.0
350,0.8508204681174673,1.0
351,0.9020055187103866,1.0
352,0.8502248875088876,1.0
353,0.7706990446317754,1.0
354,0.8275305362879498,1.0
355,0.9007270253587529,1.0
356,0.9169559303732706,1.0
357,0.8287067440641573,1.0
358,0.8567509718015055,1.0
359,0.7934506547305392,1.0
360,0.7915758294057155,1.0
361,0.7878582317381453,1.0
362,0.8413533484309477,1.0
363,0.8649011712411969,1.0
364,0.7610421203984411,1.0
365,0.7908767326328194,1.0
366,0.9160511876167525,1.0
367,0.656318919489288,1.0
368,0.8010166580825255,1.0
369,0.8257464533164649,1.0
370,0.6972817061580744,1.0
371,0.8643829326139263,1.0
372,0.8120598289194123,1.0
373,0.8678477628703563,1.0
374,0.9142000588080247,1.0
375,0.8858553596409003,1.0
376,0.8936478428808199,1.0
377,0.8639300735251146,1.0
378,0.8880975141263329,1.0
379,0.8674818978011424,1.0
380,0.8214028503903659,1.0
381,0.9005017267893498,1.0
382,0.8544760584730581,1.0
383,0.8917180220469554,1.0
384,0.8477707821768657,1.0
385,0.9210444784428453,1.0
386,0.8758113684110608,1.0
387,0.8639385069864985,1.0
388,0.7486676183844838,1.0
389,0.7511431978389932,1.0
390,0.715463733123882,1.0
391,0.8767570677364585,1.0
392,0.8497749282135697,1.0
393,0.7949867191598586,1.0
394,0.8222934835879355,1.0
395,0.8118547699466786,1.0
396,0.7270799572990786,1.0
397,0.7390602929312214,1.0
398,0.8811744745242018,1.0
399,0.8019806914897948,1.0
400,0.8338207476857771,1.0
401,0.8722990076647786,1.0
402,0.9296589622216671,1.0
403,0.9077691077644704,1.0
404,0.8766300421325233,1.0
405,0.8920331008298108,1.0
406,0.903833410152641,1.0
407,0.8934906153022244,1.0
408,0.8249615269068024,1.0
409,0.8215856286361071,1.0
410,0.8257918431818254,1.0
411,0.9211532131936754,1.0
412,0.8597422962631165,1.0
413,0.8462397663143018,1.0
414,0.7808011052125068,1.0
415,0.8717908388391852,1.0
416,0.8188611665888167,1.0
417,0.7387432114674952,1.0
418,0.8964839408832448,1.0
419,0.8690496249600241,1.0
420,0.8650020472552965,1.0
421,0.8697383157443306,1.0
422,0.8842070579149053,1.0
423,0.8645933111752555,1.0
424,0.8856064699235788,1.0
425,0.8836858472873965,1.0
426,0.8376665918971182,1.0
427,0.8692140738933809,1.0
428,0.8411347871102985,1.0
429,0.8752597431552921,1.0
430,0.8053986114684681,1.0
431,0.8106641298394208,1.0
432,0.8455434895374052,1.0
433,0.8265894563188292,1.0
434,0.8225126795183956,1.0
435,0.8567682484291074,1.0
436,0.7627157963963233,1.0
437,0.8454998717504397,1.0
438,0.7945731088568342,1.0
439,0.8613620946162084,1.0
440,0.9025667892967536,1.0
441,0.8566572417254105,1.0
442,0.8315314771284754,1.0
443,0.8499413177907702,1.0
444,0.8763103967579416,1.0
445,0.8234559163788134,1.0
446,0.8570753207363384,1.0
447,0.8198931600081938,1.0
448,0.8380661098326941,1.0
449,0.8619962228107558,1.0
450,0.7374687117330064,1.0
451,0.7855870410096882,1.0
452,0.8038372851253147,1.0
453,0.8697924114268197,1.0
454,0.82536823999517,1.0
455,0.8545993790906293,1.0
456,0.7703995314844672,1.0
457,0.7498633801181984,1.0
458,0.9023315137487077,1.0
459,0.8599985583262664,1.0
460,0.8031116763061287,1.0
461,0.7594356604208435,1.0
462,0.8462656180511317,1.0
463,0.7766288515819938,1.0
464,0.7179511263380826,1.0
465,0.8197978287975841,1.0
466,0.8481465979947233,1.0
467,0.7583361158156698,1.0
468,0.9017093815228487,1.0
469,0.9070726139487437,1.0
470,0.9111598765265103,1.0
471,0.8835769346555058,1.0
472,0.849997507471959,1.0
473,0.899213639683022,1.0
474,0.8488994761564018,1.0
475,0.8253780411009374,1.0
476,0.8563922056216704,1.0
477,0.8681822318258878,1.0
478,0.8480085398321857,1.0
479,0.8917044809692238,1.0
480,0.8520513319412465,1.0
481,0.8823249241136161,1.0
482,0.8858223846077308,1.0
483,0.8747254756199203,1.0
484,0.8864084304489558,1.0
485,0.8992307240767379,1.0
486,0.9138919248697621,1.0
487,0.9118281442752245,1.0
488,0.874582028901074,1.0
489,0.9143372480128457,1.0
490,0.9016967106091205,1.0
491,0.9026463245500121,1.0
492,0.8653559164646736,1.0
493,0.8993004365254019,1.0
494,0.9094723321088822,1.0
495,0.8671049318646246,1.0
496,0.9236810831414457,1.0
497,0.9139322975513356,1.0
498,0.8305720285862205,1.0
499,0.8643539072628771,1.0
500,0.9118647838857177,1.0
501,0.8449762367551158,1.0
502,0.9258053980673266,1.0
503,0.8917853543557674,1.0
504,0.8003984239769881,1.0
505,0.795601172297811,1.0
506,0.8184875400896138,1.0
507,0.8884245626204708,1.0
508,0.8770542276896688,1.0
509,0.8794519095570292,1.0
510,0.7782920585307471,1.0
511,0.7924683675526129,1.0
512,0.8834739701915908,1.0
513,0.8898086597994758,1.0
514,0.8453100120100411,1.0
515,0.8353560728450765,1.0
516,0.9238282272574236,1.0
517,0.8958441638409036,1.0
518,0.8494059224965108,1.0
519,0.9267371768373087,1.0
520,0.8931722449023745,1.0
521,0.8940945971187045,1.0
522,0.7885215219563142,1.0
523,0.8158993263936066,1.0
524,0.8768873245430393,1.0
525,0.8701689273811211,1.0
526,0.8830804189044683,1.0
527,0.6911896471827272,1.0
528,0.8734140998471526,1.0
529,0.8089010891400101,1.0
530,0.7178750382116316,1.0
531,0.776468664628433,1.0
532,0.7556415240761368,1.0
533,0.841753567561097,1.0
534,0.8422022185015828,1.0
535,0.8760745010696965,1.0
536,0.815762032404439,1.0
537,0.8808299522795036,1.0
538,0.7599589671395717,1.0
539,0.8318353777613913,1.0
540,0.8574280269841243,1.0
541,0.8751919321239523,1.0
542,0.8292714102256512,1.0
543,0.7678331093433746,1.0
544,0.7415428291101508,1.0
545,0.8888336121555678,1.0
546,0.8229511255110006,1.0
547,0.8634050884093649,1.0
548,0.8699616962431892,1.0
549,0.8555091937553687,1.0
550,0.896642686546659,1.0
551,0.8517015914737642,1.0
552,0.8449136133190714,1.0
553,0.8234352095437562,1.0
554,0.8019980658536477,1.0
555,0.7519342839668348,1.0
556,0.8868602248887932,1.0
557,0.8712151841873089,1.0
558,0.8724264571740935,1.0
559,0.9239312577114096,1.0
560,0.8766635856788552,1.0
561,0.8218828677444201,1.0
562,0.8822228042050516,1.0
563,0.8888569083778227,1.0
564,0.9026396790766972,1.0
565,0.9107668787505134,1.0
566,0.9107964967107791,1.0
567,0.895940573886164,1.0
568,0.9112499664857654,1.0
569,0.8453723217282597,1.0
570,0.8794617564627498,1.0
571,0.9170554066132915,1.0
572,0.7384459511486772,1.0
573,0.9016034525179716,1.0
574,0.7870375326914598,1.0
575,0.7060963840942536,1.0
576,0.7883566948347622,1.0
577,0.8662264358172872,1.0
578,0.8847652239756599,1.0
579,0.9144330996913509,1.0
580,0.7857999584936859,1.0
581,0.8914059008837127,1.0
582,0.8174629995498172,1.0
583,0.8913114359478891,1.0
584,0.8736722618162419,1.0
585,0.8641305838647119,1.0
586,0.8614615653121046,1.0
587,0.8927436606591707,1.0
588,0.9201737903153284,1.0
589,0.9327440972615337,1.0
590,0.8867546739725907,1.0
591,0.9050194963153347,1.0
592,0.8877160679710422,1.0
593,0.8161388108495538,1.0
594,0.8202159284334236,1.0
595,0.8405367770542737,1.0
596,0.8507035895841578,1.0
597,0.9203779288665558,1.0
598,0.9159005367360946,1.0
599,0.9142151195185123,1.0
600,0.8934522699297217,1.0
601,0.9216562883790095,1.0
602,0.9283234737741812,1.0
603,0.8781697892699,1.0
604,0.9289164164192225,1.0
605,0.9074144920258522,1.0
606,0.8807713887103901,1.0
607,0.8326787126355778,1.0
608,0.8469647340286448,1.0
609,0.8982264424892907,1.0
610,0.8700476841958263,1.0
611,0.8883631428392135,1.0
612,0.8970507391948951,1.0
613,0.788264420821019,1.0
614,0.8852865802785366,1.0
615,0.8312106003887199,1.0
616,0.8271826961888837,1.0
617,0.9015856998386338,1.0
618,0.8423832057106736,1.0
619,0.8739949449950265,1.0
620,0.9027178111630557,1.0
621,0.8565028806193443,1.0
622,0.8441345648736115,1.0
623,0.8700052821155526,1.0
624,0.8538097415356093,1.0
625,0.8902100870225813,1.0
626,0.8457219080867742,1.0
627,0.8878645006488775,1.0
628,0.8946293669226094,1.0
629,0.8782770431737063,1.0
630,0.8693838859600534,1.0
631,0.8683590969728163,1.0
632,0.8514814580703981,1.0
633,0.8821001606435875,1.0
634,0.8556462284070061,1.0
635,0.8927871330072278,1.0
636,0.8699978260060504,1.0
637,0.8642452549245684,1.0
638,0.8627535878270223,1.0
639,0.8440208950326752,1.0
640,0.8438280350261058,1.0
641,0.8506131637309612,1.0
642,0.8756906300326129,1.0
643,0.8733016540378133,1.0
644,0.7626616104165409,1.0
645,0.8214204048943269,1.0
646,0.897148790548362,1.0
647,0.8327256071237191,1.0
648,0.8616834179706202,1.0
649,0.9260909133613172,1.0
650,0.8444301089564998,1.0
651,0.7931040717303526,1.0
652,0.8190751496512589,1.0
653,0.8605695712014536,1.0
654,0.8666997407686374,1.0
655,0.8750333049020893,1.0
656,0.8410028885395606,1.0
657,0.8797454802489696,1.0
658,0.8502273542604255,1.0
659,0.8807390096693737,1.0
660,0.866853724622292,1.0
661,0.8548699817244331,1.0
662,0.8455410873085687,1.0
663,0.8304276665530839,1.0
664,0.8818328373805313,1.0
665,0.8510129623361415,1.0
666,0.887645134669336,1.0
667,0.8198598652375098,1.0
668,0.7952361838741433,1.0
669,0.8965513626219178,1.0
670,0.838684959454527,1.0
671,0.8201181419688166,1.0
672,0.8326770229973522,1.0
673,0.8780801631915417,1.0
674,0.8024808590407225,1.0
675,0.7567751499505337,1.0
676,0.8926989825907752,1.0
677,0.7965986101899604,1.0
678,0.8951383863668856,1.0
679,0.8829074459135093,1.0
680,0.79818104077388,1.0
681,0.7969578242165885,1.0
682,0.8460382091586994,1.0
683,0.7738292463876407,1.0
684,0.9005170531386525,1.0
685,0.9020998208720603,1.0
686,0.8700322579925395,1.0
687,0.9110909469321559,1.0
688,0.8675709728183936,1.0
689,0.8329493887191073,1.0
690,0.8678158514136157,1.0
691,0.8833558040998549,1.0
692,0.9165971642093813,1.0
693,0.8297131495297988,1.0
694,0.857719632389188,1.0
695,0.8982026725366979,1.0
696,0.8559662055556418,1.0
697,0.854694489768721,1.0
698,0.8482163524453535,1.0
699,0.9264007578068112,1.0
700,0.8479615378501921,1.0
701,0.8189825160956761,1.0
702,0.7566719405560494,1.0
703,0.8175878604014364,1.0
704,0.8675856311641029,1.0
705,0.8534291093002926,1.0
706,0.826196645561323,1.0
707,0.8376428230066759,1.0
708,0.876477348034218,1.0
709,0.8981924921852477,1.0
710,0.8436741675435564,1.0
711,0.9060478903190134,1.0
712,0.7827697649906807,1.0
713,0.9035812614703631,1.0
714,0.848988800593469,1.0
715,0.856558318892143,1.0
716,0.8554328822704801,1.0
717,0.8894197958352985,1.0
718,0.8506498561715095,1.0
719,0.8073989233789319,1.0
720,0.8600787448011512,1.0
721,0.8450412379289647,1.0
722,0.8342406620949159,1.0
723,0.8637233474256734,1.0
724,0.885662567671122,1.0
725,0.892818848028377,1.0
726,0.9317984944829016,1.0
727,0.8898627350029147,1.0
728,0.9058945839771748,1.0
729,0.9177250183552248,1.0
730,0.8941337101802943,1.0
731,0.8931253983184901,1.0
732,0.723791173175291,1.0
733,0.8037282939738069,1.0
734,0.788591263972878,1.0
735,0.7109955736175012,1.0
736,0.9065543087937754,1.0
737,0.8373578126433514,1.0
738,0.8062122196125405,1.0
739,0.8247645922986958,1.0
740,0.90109708348298,1.0
741,0.8437441361905266,1.0
742,0.8642788958008472,1.0
743,0.83138803191884,1.0
744,0.8818541498110695,1.0
745,0.8552588710463799,1.0
746,0.8378257432775263,1.0
747,0.8981145322583645,1.0
748,0.837926142059376,1.0
749,0.8450351303755327,1.0
750,0.7555361202687297,1.0
751,0.8295108549611141,1.0
752,0.7845586617051589,1.0
753,0.8046170654957192,1.0
754,0.9089300506296009,1.0
755,0.9159884505743663,1.0
756,0.9265819990639761,1.0
757,0.8381195229334064,1.0
758,0.8560881574248612,1.0
759,0.7838796412548543,1.0
760,0.8347542365854552,1.0
761,0.8080515844966822,1.0
762,0.8176948600017256,1.0
763,0.775735752799796,1.0
764,0.7777313791983037,1.0
765,0.8396218139523397,1.0
766,0.8251957861548053,1.0
767,0.8299636896694537,1.0
768,0.8706919132387314,1.0
769,0.9020900174808953,1.0
770,0.8978701938009299,1.0
771,0.8804293704630398,1.0
772,0.8336835711574831,1.0
773,0.8423736909809312,1.0
774,0.8423213747867727,1.0
775,0.8293359356633008,1.0
776,0.8837739459916842,1.0
777,0.9019388262786602,1.0
778,0.8052528869327116,1.0
779,0.8822538584389645,1.0
780,0.8893396762265202,1.0
781,0.8455247224713915,1.0
782,0.8821723453813535,1.0
783,0.905899171749813,1.0
784,0.8385332993110132,1.0
785,0.8983117105244331,1.0
786,0.8942103097442874,1.0
787,0.8211222893314287,1.0
788,0.7927204134927759,1.0
789,0.8822650363819806,1.0
790,0.8337002774801793,1.0
791,0.8298818445358894,1.0
792,0.794734183544745,1.0
793,0.8475340686827929,1.0
794,0.7511313969718146,1.0
795,0.8859717412852822,1.0
796,0.7869970504952097,1.0
797,0.8556408876283258,1.0
798,0.8531512693053038,1.0
799,0.8634187903342853,1.0
800,0.851497615513169,1.0
801,0.835136629512882,1.0
802,0.8536206767756362,1.0
803,0.870652466763035,1.0
804,0.8838041194840552,1.0
805,0.9137646681638838,1.0
806,0.8755260637393346,1.0
807,0.8773839532866132,1.0
808,0.9075455987104469,1.0
809,0.8930043637506329,1.0
810,0.8671384166870075,1.0
811,0.8916338679981504,1.0
812,0.8140236938175722,1.0
813,0.8640674313882635,1.0
814,0.798944134458531,1.0
815,0.7789446353788814,1.0
816,0.8476732209119887,1.0
817,0.8510572460015784,1.0
818,0.7731029622239761,1.0
819,0.8178746234034067,1.0
820,0.8718955280648419,1.0
821,0.8735671518196706,1.0
822,0.5662500390985326,1.0
823,0.8670441198676277,1.0
824,0.903037768284312,1.0
825,0.7698287682657629,1.0
826,0.9103621330839597,1.0
827,0.7652457387991048,1.0
828,0.9073048890745039,1.0
829,0.909218308240502,1.0
830,0.8760275613168828,1.0
831,0.898925589377582,1.0
832,0.893124344563514,1.0
833,0.8885244971046048,1.0
834,0.8391266400153807,1.0
835,0.8467459845524441,1.0
836,0.8645647350437032,1.0
837,0.8386517271237165,1.0
838,0.8905657265262533,1.0
839,0.8675748270681215,1.0
840,0.8027909758985399,1.0
841,0.8150280807422985,1.0
842,0.8087554341803253,1.0
843,0.8228874585460315,1.0
844,0.7958909572085623,1.0
845,0.8900593857197096,1.0
846,0.856755878806921,1.0
847,0.8356109481378935,1.0
848,0.8681751205958849,1.0
849,0.8908859089703717,1.0
850,0.9105154053977423,1.0
851,0.8491000040207399,1.0
852,0.8962203616333517,1.0
853,0.8410015040370235,1.0
854,0.8781754830757335,1.0
855,0.8905563614255259,1.0
856,0.834810217800748,1.0
857,0.8346387157129603,1.0
858,0.8294343636175208,1.0
859,0.8413765934524318,1.0
860,0.8445274273868673,1.0
861,0.8552132710389214,1.0
862,0.8223523979943139,1.0
863,0.8822116831236564,1.0
864,0.8345993339868727,1.0
865,0.7867380283146959,1.0
866,0.8426755774890623,1.0
867,0.8452785931679654,1.0
868,0.8620133072088842,1.0
869,0.8078836683665795,1.0
870,0.7977398307789282,1.0
871,0.8440759605297169,1.0
872,0.7967860924277916,1.0
873,0.8062066755560903,1.0
874,0.7913936159778391,1.0
875,0.7940214036207075,1.0
876,0.7392950334205715,1.0
877,0.7530168157451143,1.0
878,0.7854813532993199,1.0
879,0.8441543468937854,1.0
880,0.7637086030610565,1.0
881,0.7455851760028906,1.0
882,0.8492973385450692,1.0
883,0.8978145521699704,1.0
884,0.8872959337708638,1.0
885,0.8950730973846178,1.0
886,0.826108073285273,1.0
887,0.8444942190259811,1.0
888,0.8440304799502651,1.0
889,0.8575079028329211,1.0
890,0.8271349043553926,1.0
891,0.8881656865880418,1.0
892,0.8936079410553105,1.0
893,0.8656516782113612,1.0
894,0.8950488343341869,1.0
895,0.8215516312053648,1.0
896,0.8401786376449474,1.0
897,0.8485479400728285,1.0
898,0.8778318246972424,1.0
899,0.8762666047307519,1.0
900,0.8343894582764814,1.0
901,0.8615461034549221,1.0
902,0.8826527533084738,1.0
903,0.8176487496944402,1.0
904,0.8491140463326177,1.0
905,0.8349480474650115,1.0
906,0.8297473178578366,1.0
907,0.9063739852593656,1.0
908,0.8550437688084461,1.0
909,0.8608400837798326,1.0
910,0.8760334586969896,1.0
911,0.9124721335954555,1.0
912,0.864038928903158,1.0
913,0.8827418411317257,1.0
914,0.8912165483868691,1.0
915,0.8549475557164941,1.0
916,0.8812655900685542,1.0
917,0.7442597399321373,1.0
918,0.8823165656325193,1.0
919,0.8557972503275921,1.0
920,0.907065181766199,1.0
921,0.8535327111819427,1.0
922,0.820547066097407,1.0
923,0.8960353572787219,1.0
924,0.8631153635614123,1.0
925,0.9098260534871235,1.0
926,0.8971586248667641,1.0
927,0.8472905201766068,1.0
928,0.6896724998316821,1.0
929,0.8319285677466308,1.0
930,0.8340034518395653,1.0
931,0.7955829701757253,1.0
932,0.825233150198852,1.0
933,0.8295333729416903,1.0
934,0.8471039757602737,1.0
935,0.8829247027188377,1.0
936,0.833660410699395,1.0
937,0.8785965375290301,1.0
938,0.8717520422481783,1.0
939,0.8725560668078798,1.0
940,0.8597518541358167,1.0
941,0.8719576095431905,1.0
942,0.8229383877189964,1.0
943,0.8822465954706017,1.0
944,0.8256410516373972,1.0
945,0.8837106231125909,1.0
946,0.8909882171756425,1.0
947,0.8891955098464597,1.0
948,0.8932008785798088,1.0
949,0.8530218846077778,1.0
950,0.8670269392467332,1.0
951,0.7899552029253843,1.0
952,0.8506201301843731,1.0
953,0.8332906629963959,1.0
954,0.8551064435340479,1.0
955,0.8565462889493556,1.0
956,0.9409941271038025,1.0
957,0.9389271110441035,1.0
958,0.9403935328374303,1.0
959,0.9334270976229186,1.0
960,0.9340513042984958,1.0
961,0.9210798333762463,1.0
962,0.9418138280345781,1.0
963,0.9147263582453214,1.0
964,0.9353871623721203,1.0
965,0.8970018773557007,1.0
966,0.7168695749453651,1.0
967,0.6758228315482525,1.0
968,0.7777656428120376,1.0
969,0.6399536482478686,1.0
970,0.6560210252171571,1.0
971,0.8132572025906927,1.0
972,0.827844339060981,1.0
973,0.8347671652391738,1.0
974,0.8157519299957727,1.0
975,0.8869784465527083,1.0
976,0.8857285017326777,1.0
977,0.8624869866644107,1.0
978,0.8970296779184638,1.0
979,0.8994428465032354,1.0
980,0.8752307680411258,1.0
981,0.878993874960994,1.0
982,0.8936335080755476,1.0
983,0.847488321724259,1.0
984,0.8931754091494748,1.0
985,0.8833175695604747,1.0
986,0.8873145399103511,1.0
987,0.8697235130586694,1.0
988,0.8992026699782162,1.0
989,0.8916243600944332,1.0
990,0.894176671711683,1.0
991,0.923934000834882,1.0
992,0.8966971925696702,1.0
993,0.880205386831148,1.0
994,0.8341310513901101,1.0
995,0.9030805697675816,1.0
996,0.8608658756866285,1.0
997,0.8777168697835642,1.0
998,0.8317168514294296,1.0
999,0.7872311362816524,1.0
1000,0.7626665062909828,0.0
1001,0.8081437345400536,0.0
1002,0.7381970876698783,0.0
1003,0.8180945265376574,0.0
1004,0.6836691671123649,0.0
1005,0.7862272463014565,0.0
1006,0.7664482851557664,0.0
1007,0.7507485832527797,0.0
1008,0.8331685189272813,0.0
1009,0.7815227684064384,0.0
1010,0.8026859896088775,0.0
1011,0.7475828983880697,0.0
1012,0.7680660309456873,0.0
1013,0.5117494435025876,0.0
1014,0.7768653948406543,0.0
1015,0.7939387811009584,0.0
1016,0.7580049977993076,0.0
1017,0.8021828009880125,0.0
1018,0.8369192163478141,0.0
1019,0.8594585984399699,0.0
1020,0.7211153109402433,0.0
1021,0.82987850657605,0.0
1022,0.7562375017342113,0.0
1023,0.8511465383850342,0.0
1024,0.7037318774919067,0.0
1025,0.7399769901376348,0.0
1026,0.7427299388557116,0.0
1027,0.7303552857995832,0.0
1028,0.8070233163979564,0.0
1029,0.8513986100328222,0.0
1030,0.770079758944908,0.0
1031,0.7489997371789641,0.0
1032,0.7012119679392441,0.0
1033,0.6609101398475522,0.0
1034,0.7411826393432929,0.0
1035,0.8159013493962042,0.0
1036,0.6897505896816719,0.0
1037,0.6775861732846871,0.0
1038,0.7575114140362321,0.0
1039,0.8216029022369367,0.0
1040,0.7796307468376478,0.0
1041,0.8127524071517737,0.0
1042,0.8000981053748737,0.0
1043,0.6492865354465697,0.0
1044,0.8216116170811955,0.0
1045,0.8139761924721763,0.0
1046,0.8481924548934768,0.0
1047,0.7027997010900603,0.0
1048,0.7214761817751114,0.0
1049,0.8224427225489118,0.0
1050,0.7590954010866238,0.0
1051,0.8192524785872207,0.0
1052,0.7543732680916987,0.0
1053,0.7807206323468954,0.0
1054,0.7213807366956507,0.0
1055,0.7601845574131296,0.0
1056,0.7351528330632229,0.0
1057,0.7748079808447409,0.0
1058,0.6440111155047926,0.0
1059,0.7297683670435123,0.0
1060,0.8012059673005473,0.0
1061,0.8621857496795846,0.0
1062,0.6089859112959444,0.0
1063,0.7224509625185925,0.0
1064,0.7854111867595283,0.0
1065,0.7971321617611988,0.0
1066,0.8393005412956743,0.0
1067,0.713070474747528,0.0
1068,0.802632278713505,0.0
1069,0.6387427432764611,0.0
1070,0.7690790988159852,0.0
1071,0.7613687792803605,0.0
1072,0.5563216916966981,0.0
1073,0.7828877657099838,0.0
1074,0.7611150675881422,0.0
1075,0.8110438035410157,0.0
1076,0.8084163735406455,0.0
1077,0.7861006656100824,0.0
1078,0.7949371115238555,0.0
1079,0.8292654171491909,0.0
1080,0.8001589883628455,0.0
1081,0.8183709952841073,0.0
1082,0.821910679910794,0.0
1083,0.7124035873743255,0.0
1084,0.8049958504963902,0.0
1085,0.774935329869242,0.0
1086,0.7423434847544282,0.0
1087,0.7139386049060042,0.0
1088,0.7471417565091946,0.0
1089,0.7290085035642163,0.0
1090,0.7818917316110975,0.0
1091,0.6721221204430136,0.0
1092,0.7851797169115865,0.0
1093,0.629231197022006,0.0
1094,0.8176933487873087,0.0
1095,0.8334106008676749,0.0
1096,0.6687920897042474,0.0
1097,0.6625156079037209,0.0
1098,0.8194185362071321,0.0
1099,0.6824937862140031,0.0
1100,0.760064354116814,0.0
1101,0.6866407019110757,0.0
1102,0.5610498422682179,0.0
1103,0.8155348426930439,0.0
1104,0.7481838141747761,0.0
1105,0.664870296806254,0.0
1106,0.7931344757033828,0.0
1107,0.8086462269868494,0.0
1108,0.8219237215492343,0.0
1109,0.7990504672712326,0.0
1110,0.7736257437015911,0.0
1111,0.694760663099513,0.0
1112,0.7714438238360614,0.0
1113,0.8390508155916293,0.0
1114,0.8771113254597203,0.0
1115,0.6788277952050079,0.0
1116,0.7081423997580965,0.0
1117,0.5840335587882681,0.0
1118,0.8418950829261307,0.0
1119,0.8661294281286839,0.0
1120,0.7689736346641133,0.0
1121,0.8275670618537374,0.0
1122,0.8138238712415821,0.0
1123,0.8184752660766201,0.0
1124,0.8436691519775991,0.0
1125,0.8487414846782542,0.0
1126,0.7799059282227881,0.0
1127,0.6584440541202952,0.0
1128,0.8457858824267547,0.0
1129,0.8161080429277981,0.0
1130,0.8160709398822442,0.0
1131,0.8255087622132273,0.0
1132,0.8046084340848219,0.0
1133,0.6792350072486278,0.0
1134,0.8932090143199347,0.0
1135,0.8193627009552421,0.0
1136,0.8075393302283557,0.0
1137,0.8466872545559242,0.0
1138,0.7138009500882678,0.0
1139,0.742019064917538,0.0
1140,0.6424020684723044,0.0
1141,0.8333816579365967,0.0
1142,0.8064582655906449,0.0
1143,0.8171762640772068,0.0
1144,0.7433285942761624,0.0
1145,0.8370049563816425,0.0
1146,0.7905424042371061,0.0
1147,0.7534260228762373,0.0
1148,0.8038186648320275,0.0
1149,0.8469506584570303,0.0
1150,0.8806819502916786,0.0
1151,0.8678958153550569,0.0
1152,0.8343192422439505,0.0
1153,0.7314032516364614,0.0
1154,0.6882971083093444,0.0
1155,0.8284448365155875,0.0
1156,0.8756052251753472,0.0
1157,0.8199774528417505,0.0
1158,0.7940322668839371,0.0
1159,0.7408778735098435,0.0
1160,0.8145348023315966,0.0
1161,0.7488362695182316,0.0
1162,0.7514568382198206,0.0
1163,0.8451877155668802,0.0
1164,0.6753812748412422,0.0
1165,0.8051569882441071,0.0
1166,0.7108174997715759,0.0
1167,0.8322505006648235,0.0
1168,0.8753528616281034,0.0
1169,0.7343696318516558,0.0
1170,0.8478063012734801,0.0
1171,0.7462681932272358,0.0
1172,0.6402850933783982,0.0
1173,0.8506254565228599,0.0
1174,0.6849090576287443,0.0
1175,0.7575226009648698,0.0
1176,0.8865685269741632,0.0
1177,0.7171458254651164,0.0
1178,0.7686214853666683,0.0
1179,0.6556722450006423,0.0
1180,0.853887910598119,0.0
1181,0.7122560466422759,0.0
1182,0.8423259593521332,0.0
1183,0.8050905462909422,0.0
1184,0.7294793823242889,0.0
1185,0.5951992107424874,0.0
1186,0.7336938677224226,0.0
1187,0.8454599930401887,0.0
1188,0.7810060539919589,0.0
1189,0.6692549941398873,0.0
1190,0.798087501576348,0.0
1191,0.8162088242759277,0.0
1192,0.8398906321794994,0.0
1193,0.7202060566277461,0.0
1194,0.7448366733908787,0.0
1195,0.7823808759427693,0.0
1196,0.8762075488068259,0.0
1197,0.4723732169841646,0.0
1198,0.7404381584284628,0.0
1199,0.7717468807544445,0.0
1200,0.836258362172565,0.0
1201,0.7789658014567469,0.0
1202,0.7956412202144761,0.0
1203,0.7985527741656893,0.0
1204,0.7212394888081763,0.0
1205,0.7665947899218646,0.0
1206,0.8035168387271449,0.0
1207,0.8206404075252347,0.0
1208,0.7244117543970332,0.0
1209,0.8206137659535481,0.0
1210,0.7464519783930104,0.0
1211,0.8258052576302488,0.0
1212,0.8290549844166227,0.0
1213,0.08154133209048042,0.0
1214,0.47365417457452585,0.0
1215,0.844351881563265,0.0
1216,0.7484143164721088,0.0
1217,0.8608001312655184,0.0
1218,0.8598435109069026,0.0
1219,0.6775849098976955,0.0
1220,0.8274873305993862,0.0
1221,0.7567178097511144,0.0
1222,0.8080628753569556,0.0
1223,0.7564955278230392,0.0
1224,0.7306583072540865,0.0
1225,0.793833166213691,0.0
1226,0.8581212769013375,0.0
1227,0.8398193659175598,0.0
1228,0.8050277383162613,0.0
1229,0.7873395791993993,0.0
1230,0.8017389720052466,0.0
1231,0.8239941295729746,0.0
1232,0.7853891407327191,0.0
1233,0.8870657536303438,0.0
1234,0.6931960431874005,0.0
1235,0.7897691206500017,0.0
1236,0.8098634363184581,0.0
1237,0.8067271176289504,0.0
1238,0.734998426705328,0.0
1239,0.743909208963011,0.0
1240,0.8473837848047309,0.0
1241,0.5774925102532893,0.0
1242,0.7621105626073882,0.0
1243,0.5923963008101827,0.0
1244,0.816220322328833,0.0
1245,0.7343164660932849,0.0
1246,0.7891976701768337,0.0
1247,0.7368632162353962,0.0
1248,0.8241124836156049,0.0
1249,0.7567680264660421,0.0
1250,0.8891348763004472,0.0
1251,0.7502802041051768,0.0
1252,0.7329258072711524,0.0
1253,0.8011165908080667,0.0
1254,0.6870197586929675,0.0
1255,0.8421639308395404,0.0
1256,0.8349958258990993,0.0
1257,0.7995767044602785,0.0
1258,0.8802384524345039,0.0
1259,0.8397235450164203,0.0
1260,0.7215117928847956,0.0
1261,0.7630651222704778,0.0
1262,0.487368386070623,0.0
1263,0.7544411140039472,0.0
1264,0.634581818466898,0.0
1265,0.6785152634835082,0.0
1266,0.7569869934163613,0.0
1267,0.7781684576468216,0.0
1268,0.7905470653826351,0.0
1269,0.8666873216348872,0.0
1270,0.8299498342981861,0.0
1271,0.8572842833871368,0.0
1272,0.7640375953516507,0.0
1273,0.6735493091207827,0.0
1274,0.741750436953102,0.0
1275,0.77844645231614,0.0
1276,0.8078401979005823,0.0
1277,0.7714301095807239,0.0
1278,0.7678448060924774,0.0
1279,0.7905909269400039,0.0
1280,0.7951215401081956,0.0
1281,0.8265473099024925,0.0
1282,0.8292706035158834,0.0
1283,0.8031208504193497,0.0
1284,0.751477840652209,0.0
1285,0.8334465178938514,0.0
1286,0.8284455526884194,0.0
1287,0.8644597912819147,0.0
1288,0.7982572955282219,0.0
1289,0.8708600242120321,0.0
1290,0.7820862807838853,0.0
1291,0.8694386777115466,0.0
1292,0.7180052483527797,0.0
1293,0.7786561824802712,0.0
1294,0.662261489885575,0.0
1295,0.7538411789634113,0.0
1296,0.7422813068242642,0.0
1297,0.7424058425747545,0.0
1298,0.7856225514920668,0.0
1299,0.6120197285132896,0.0
1300,0.7426965691077316,0.0
1301,0.7239400713737538,0.0
1302,0.7856218456580397,0.0
1303,0.6396830068823203,0.0
1304,0.7922821515840459,0.0
1305,0.8707978655891674,0.0
1306,0.8676087556714743,0.0
1307,0.7722963849808607,0.0
1308,0.6584191205627037,0.0
1309,0.7678180674390602,0.0
1310,0.8120243299411506,0.0
1311,0.6561680635911079,0.0
1312,0.8548476931646724,0.0
1313,0.7367905270732593,0.0
1314,0.7783292032594434,0.0
1315,0.7504642686937641,0.0
1316,0.8278212551972076,0.0
1317,0.23815765432817854,0.0
1318,0.8341323229288904,0.0
1319,0.8384174032167893,0.0
1320,0.8117102024058944,0.0
1321,0.8034444802885446,0.0
1322,0.7598813785209262,0.0
1323,0.6925334684234794,0.0
1324,0.7956805105580071,0.0
1325,0.689672246868551,0.0
1326,0.8898601823441901,0.0
1327,0.7257789069464641,0.0
1328,0.7893134073168677,0.0
1329,0.8701000346002559,0.0
1330,0.7814868217952324,0.0
1331,0.7653380408043393,0.0
1332,0.8469204467980823,0.0
1333,0.7821882531497296,0.0
1334,0.8315287041220988,0.0
1335,0.7662083915273264,0.0
1336,0.7791691812836424,0.0
1337,0.67689222125077,0.0
1338,0.7898711606583151,0.0
1339,0.7112320636702393,0.0
1340,0.7763037345966594,0.0
1341,0.7548648528648552,0.0
1342,0.811141965806221,0.0
1343,0.8395218658316795,0.0
1344,0.8150692873494244,0.0
1345,0.800335365826596,0.0
1346,0.8127135174438589,0.0
1347,0.854003733272598,0.0
1348,0.8158854957471788,0.0
1349,0.8203085440388694,0.0
1350,0.8298011919433429,0.0
1351,0.7627758747007348,0.0
1352,0.6915510601324837,0.0
1353,0.717372938911392,0.0
1354,0.8017456233546785,0.0
1355,0.8573706997801042,0.0
1356,0.8796739958377688,0.0
1357,0.776867056717802,0.0
1358,0.6188525747454002,0.0
1359,0.8464294881189934,0.0
1360,0.7980503826762495,0.0
1361,0.7733188092534972,0.0
1362,0.7367312779183007,0.0
1363,0.7613329827830383,0.0
1364,0.7036386839645676,0.0
1365,0.7268306342668748,0.0
1366,0.7793949836949919,0.0
1367,0.7950349840119665,0.0
1368,0.7200177922057359,0.0
1369,0.7605081178971212,0.0
1370,0.8892775220528792,0.0
1371,0.8210231121768984,0.0
1372,0.8131085317469419,0.0
1373,0.7671569871492828,0.0
1374,0.5282724848209037,0.0
1375,0.6867404827290576,0.0
1376,0.763328544937993,0.0
1377,0.82442470569018,0.0
1378,0.8029133809763586,0.0
1379,0.8182044094069453,0.0
1380,0.8550973623578737,0.0
1381,0.8650766162747178,0.0
1382,0.7672637990760569,0.0
1383,0.882487290887637,0.0
1384,0.8183652830392532,0.0
1385,0.8716881562274057,0.0
1386,0.6447357479612643,0.0
1387,0.7177596046699152,0.0
1388,0.819253019574374,0.0
1389,0.6123639908432988,0.0
1390,0.8086192031791738,0.0
1391,0.7123960900659319,0.0
1392,0.7850822258407792,0.0
1393,0.6406024515158609,0.0
1394,0.706264248354611,0.0
1395,0.7949292425863392,0.0
1396,0.6809962974326232,0.0
1397,0.7658454977733845,0.0
1398,0.7727910470721151,0.0
1399,0.8333866039387188,0.0
1400,0.7897238900875005,0.0
1401,0.7206073561759343,0.0
1402,0.7145748152628925,0.0
1403,0.611904330647222,0.0
1404,0.7824061575703888,0.0
1405,0.7875165839292373,0.0
1406,0.8363861506853981,0.0
1407,0.853368585075437,0.0
1408,0.7972633763385333,0.0
1409,0.7613598603353604,0.0
1410,0.8279667406725149,0.0
1411,0.8008503396763741,0.0
1412,0.7996334053081597,0.0
1413,0.7470106875997444,0.0
1414,0.6143429118175503,0.0
1415,0.6745812646902946,0.0
1416,0.5846654536805598,0.0
1417,0.6437339570522587,0.0
1418,0.6113149232529091,0.0
1419,0.7582503656319551,0.0
1420,0.7133041210272868,0.0
1421,0.786028291263103,0.0
1422,0.7481562210585408,0.0
1423,0.6621130148515867,0.0
1424,0.7920225636019722,0.0
1425,0.8068628023660197,0.0
1426,0.7047497516516565,0.0
1427,0.8144958734806431,0.0
1428,0.7214505348347591,0.0
1429,0.8551900804899124,0.0
1430,0.6214617288603439,0.0
1431,0.8162639000962033,0.0
1432,0.7752872735958891,0.0
1433,0.7221672545289801,0.0
1434,0.8428845883414537,0.0
1435,0.8522998634085827,0.0
1436,0.7129337176696565,0.0
1437,0.6580357791887224,0.0
1438,0.7358340556100473,0.0
1439,0.8549540192467474,0.0
1440,0.756724804725012,0.0
1441,0.8152883581460002,0.0
1442,0.7017060932057779,0.0
1443,0.6357907651515887,0.0
1444,0.7282641195962354,0.0
1445,0.8494799490779452,0.0
1446,0.7307822611565925,0.0
1447,0.8550296611423726,0.0
1448,0.8742909862736281,0.0
1449,0.7658452954425133,0.0
1450,0.7081104334733512,0.0
1451,0.8251726082561995,0.0
1452,0.7955186964902221,0.0
1453,0.8465059994735701,0.0
1454,0.7967831189696584,0.0
1455,0.799495096734726,0.0
1456,0.5867098182963187,0.0
1457,0.7937504243035558,0.0
1458,0.7701569011320712,0.0
1459,0.8068444414828387,0.0
1460,0.828691918347722,0.0
1461,0.8575114990444205,0.0
1462,0.6743189342300583,0.0
1463,0.8008665473578471,0.0
1464,0.8784367602174825,0.0
1465,0.7981474629420973,0.0
1466,0.887219151493688,0.0
1467,0.7124908647965684,0.0
1468,0.7242938859911264,0.0
1469,0.7923701426573528,0.0
1470,0.8328853874647147,0.0
1471,0.7662180609445974,0.0
1472,0.805080869275674,0.0
1473,0.7795017757651936,0.0
1474,0.7688483033140893,0.0
1475,0.8067832549240651,0.0
1476,0.863211082652836,0.0
1477,0.8513059311340481,0.0
1478,0.717468980740587,0.0
1479,0.6663788654894861,0.0
1480,0.8358430459123468,0.0
1481,0.7603982885392179,0.0
1482,0.7152447208626225,0.0
1483,0.7806032588282374,0.0
1484,0.7617376579777713,0.0
1485,0.7250834496479379,0.0
1486,0.7346416780035364,0.0
1487,0.6715077503207821,0.0
1488,0.5818510677443915,0.0
1489,0.8158774719656172,0.0
1490,0.7539154400070323,0.0
1491,0.8474832367735393,0.0
1492,0.7681567049375105,0.0
1493,0.6380529160014571,0.0
1494,0.7858707657622811,0.0
1495,0.8265065254965257,0.0
1496,0.7918909856241022,0.0
1497,0.6071169572916696,0.0
1498,0.7880766760050288,0.0
1499,0.7800973680380561,0.0
1500,0.8098005432285855,0.0
1501,0.8351388909750337,0.0
1502,0.7119726665199771,0.0
1503,0.7838009014893413,0.0
1504,0.7123049308612655,0.0
1505,0.7618024923241506,0.0
1506,0.7593680843866406,0.0
1507,0.07532658909360374,0.0
1508,0.6240770282108034,0.0
1509,0.7583628065812373,0.0
1510,0.8607409010682714,0.0
1511,0.521257224187926,0.0
1512,0.6873686933703347,0.0
1513,0.7061900958881684,0.0
1514,0.7749583989007567,0.0
1515,0.831595951322579,0.0
1516,0.7334995315901541,0.0
1517,0.765544168618402,0.0
1518,0.7664630099031278,0.0
1519,0.7786866291826173,0.0
1520,0.7404476848463186,0.0
1521,0.7682618326284869,0.0
1522,0.47093927637315985,0.0
1523,0.7545711861115928,0.0
1524,0.7471646035836067,0.0
1525,0.6517451123824185,0.0
1526,0.7241447666445003,0.0
1527,0.7770145376541885,0.0
1528,0.6916131254900565,0.0
1529,0.6719567539779647,0.0
1530,0.8124590309183196,0.0
1531,0.7686399296296507,0.0
1532,0.8750768421368831,0.0
1533,0.7391721008815472,0.0
1534,0.5658026524079247,0.0
1535,0.7558961273298257,0.0
1536,0.6802998977035128,0.0
1537,0.7937402161127137,0.0
1538,0.6896352892352116,0.0
1539,0.8220767403192563,0.0
1540,0.812410934964566,0.0
1541,0.8251992012299665,0.0
1542,0.775155702983588,0.0
1543,0.7200671329916536,0.0
1544,0.7739247306850635,0.0
1545,0.7738302902292493,0.0
1546,0.69157927435071,0.0
1547,0.7764273874484674,0.0
1548,0.7479927450762962,0.0
1549,0.7379085515115011,0.0
1550,0.8440546851703287,0.0
1551,0.8289770366023,0.0
1552,0.7287350086054903,0.0
1553,0.7054399168176086,0.0
1554,0.8590340280400446,0.0
1555,0.7728913721112526,0.0
1556,0.8118823488404993,0.0
1557,0.7920843524115241,0.0
1558,0.7767439133366826,0.0
1559,0.8563736291624043,0.0
1560,0.8051128370039133,0.0
1561,0.7440967842637312,0.0
1562,0.8226242207858226,0.0
1563,0.8080769101121937,0.0
1564,0.8533123226139575,0.0
1565,0.70878585433445,0.0
1566,0.6391920367144762,0.0
1567,0.8265403119002517,0.0
1568,0.7279075566085333,0.0
1569,0.7261554787118905,0.0
1570,0.7986281506576806,0.0
1571,0.8030710298468875,0.0
1572,0.888784798797286,0.0
1573,0.7985103065599802,0.0
1574,0.8455965712842807,0.0
1575,0.8116754151312879,0.0
1576,0.8273664572339265,0.0
1577,0.8677063177360321,0.0
1578,0.7035012142627081,0.0
1579,0.8405631987440089,0.0
1580,0.7654398991772178,0.0
1581,0.6086015792949426,0.0
1582,0.7302818090967571,0.0
1583,0.7766779342312881,0.0
1584,0.7688222643643561,0.0
1585,0.8743907917894708,0.0
1586,0.8421551520141662,0.0
1587,0.638498500103366,0.0
1588,0.8331330804232859,0.0
1589,0.7123497256339475,0.0
1590,0.8075315818873605,0.0
1591,0.8014285733326657,0.0
1592,0.6268559994062097,0.0
1593,0.8136539563003672,0.0
1594,0.8115354586895793,0.0
1595,0.7520193131826607,0.0
1596,0.45975521712414774,0.0
1597,0.70771915354714,0.0
1598,0.8067802312100758,0.0
1599,0.8513662041403807,0.0
1600,0.7968896478528672,0.0
1601,0.8605503044201751,0.0
1602,0.8117410673173694,0.0
1603,0.7880278134475508,0.0
1604,0.6895481554897653,0.0
1605,0.8056235687684151,0.0
1606,0.8059912993980098,0.0
1607,0.7635829729275152,0.0
1608,0.8713250474958909,0.0
1609,0.7735804334729954,0.0
1610,0.8058680268422123,0.0
1611,0.8833208641303629,0.0
1612,0.8342861069604575,0.0
1613,0.7837181097064054,0.0
1614,0.7978845149106348,0.0
1615,0.6368474442583547,0.0
1616,0.8053299881655319,0.0
1617,0.7249814369493376,0.0
1618,0.8094164499797016,0.0
1619,0.7835644295191218,0.0
1620,0.8411395636598017,0.0
1621,0.7825712592123578,0.0
1622,0.7845412031883352,0.0
1623,0.7097630202614982,0.0
1624,0.7431778678036469,0.0
1625,0.7843499033423621,0.0
1626,0.8373855060052404,0.0
1627,0.8216968279755312,0.0
1628,0.7509586252664902,0.0
1629,0.7064760156112057,0.0
1630,0.7016836753847959,0.0
1631,0.8231739527060025,0.0
1632,0.7210234499847518,0.0
1633,0.8183380676917524,0.0
1634,0.7262970335290857,0.0
1635,0.8070715590772422,0.0
1636,0.6181145244135041,0.0
1637,0.8423358613855703,0.0
1638,0.7103925663779644,0.0
1639,0.6706784948740074,0.0
1640,0.6968984804820904,0.0
1641,0.8424355048637332,0.0
1642,0.8029805586896708,0.0
1643,0.8289321726748153,0.0
1644,0.813398112545969,0.0
1645,0.7509397026072558,0.0
1646,0.8020765579288636,0.0
1647,0.7766489911949365,0.0
1648,0.7763607902403749,0.0
1649,0.8176947703089317,0.0
1650,0.798309797111654,0.0
1651,0.8555871619543394,0.0
1652,0.7917385778729877,0.0
1653,0.8271611872745761,0.0
1654,0.7428538147176628,0.0
1655,0.6665622567026736,0.0
1656,0.726625851818802,0.0
1657,0.814888591723389,0.0
1658,0.796221172136342,0.0
1659,0.6850145191667176,0.0
1660,0.7947324731308575,0.0
1661,0.840150526783817,0.0
1662,0.741168245209253,0.0
1663,0.6324032865682526,0.0
1664,0.7346754350959191,0.0
1665,0.8320394366326617,0.0
1666,0.7904234859082258,0.0
1667,0.7173143492080465,0.0
1668,0.7494150293990378,0.0
1669,0.5987337488026564,0.0
1670,0.7820378404980216,0.0
1671,0.7095492562921489,0.0
1672,0.7535476105984502,0.0
1673,0.7260817450058834,0.0
1674,0.810148193310214,0.0
1675,0.8466034057332122,0.0
1676,0.7302751349231749,0.0
1677,0.8723831499722765,0.0
1678,0.7143311263813271,0.0
1679,0.8170942730423365,0.0
1680,0.8025824905803182,0.0
1681,0.7273546301021534,0.0
1682,0.6912861923510909,0.0
1683,0.7902080799605707,0.0
1684,0.7755492706918574,0.0
1685,0.8758761504385034,0.0
1686,0.696423674545865,0.0
1687,0.7989154107065577,0.0
1688,0.7698705692192189,0.0
1689,0.6921820736815798,0.0
1690,0.654846793649664,0.0
1691,0.7527115593748738,0.0
1692,0.8464167476090566,0.0
1693,0.6982568638571921,0.0
1694,0.7367714763362001,0.0
1695,0.7848269460620775,0.0
1696,0.5766315507258284,0.0
1697,0.758115086922783,0.0
1698,0.8028955759218839,0.0
1699,0.7509013773392843,0.0
1700,0.8713330337817305,0.0
1701,0.7507085934782441,0.0
1702,0.6829909320895212,0.0
1703,0.7916583107602615,0.0
1704,0.8576436524095672,0.0
1705,0.7925589324854061,0.0
1706,0.7961506362431058,0.0
1707,0.7576849737846759,0.0
1708,0.8751751625716763,0.0
1709,0.7698900431831469,0.0
1710,0.7723846723836989,0.0
1711,0.8450714556015368,0.0
1712,0.8178284987334645,0.0
1713,0.815497931573649,0.0
1714,0.7856821459675181,0.0
1715,0.6953117207458313,0.0
1716,0.8060025179206715,0.0
1717,0.8764100009670889,0.0
1718,0.7903769062066751,0.0
1719,0.8661938085684509,0.0
1720,0.8080918171227173,0.0
1721,0.6783555979962005,0.0
1722,0.8500884574319305,0.0
1723,0.7115864997566616,0.0
1724,0.8347900670844438,0.0
1725,0.7698146263483753,0.0
1726,0.7712264472715951,0.0
1727,0.6927748923111373,0.0
1728,0.7703252641647255,0.0
1729,0.8795048309641359,0.0
1730,0.6621875163881188,0.0
1731,0.8017388183092613,0.0
1732,0.7780742683816722,0.0
1733,0.8122059255942722,0.0
1734,0.8048443150361368,0.0
1735,0.8640059143651053,0.0
1736,0.813967843412871,0.0
1737,0.8274588523194436,0.0
1738,0.7814451859426675,0.0
1739,0.8622064329503432,0.0
1740,0.8299264802890394,0.0
1741,0.6607688773110569,0.0
1742,0.7977918419868506,0.0
1743,0.876474693084874,0.0
1744,0.6354596834206137,0.0
1745,0.7764118978587058,0.0
1746,0.7476208196581287,0.0
1747,0.885770549461285,0.0
1748,0.8236813673730673,0.0
1749,0.8077933564708992,0.0
1750,0.8204567984337862,0.0
1751,0.8007123411000795,0.0
1752,0.8202263250000551,0.0
1753,0.7221753088813915,0.0
1754,0.7737458136187725,0.0
1755,0.8084840761379539,0.0
1756,0.8523221068892394,0.0
1757,0.6880241627170354,0.0
1758,0.848729691077738,0.0
1759,0.8544842698504993,0.0
1760,0.6615578329862929,0.0
1761,0.7590946029919933,0.0
1762,0.7514346712116847,0.0
1763,0.7227647703001374,0.0
1764,0.8354018052416129,0.0
1765,0.7798021076629233,0.0
1766,0.8121743403737017,0.0
1767,0.8865756626006202,0.0
1768,0.7070638972835914,0.0
1769,0.7940785379613874,0.0
1770,0.8048812391021902,0.0
1771,0.6633228187168259,0.0
1772,0.6993302842924274,0.0
1773,0.7068755767560299,0.0
1774,0.7380008057966349,0.0
1775,0.8807168248027507,0.0
1776,0.8613243719273368,0.0
1777,0.8759429076871614,0.0
1778,0.8509611241545443,0.0
1779,0.7349012516739325,0.0
1780,0.8010497828527475,0.0
1781,0.6944483118540885,0.0
1782,0.8216845866499437,0.0
1783,0.8550604901517728,0.0
1784,0.872259190684232,0.0
1785,0.7161272275707861,0.0
1786,0.8326461516757567,0.0
1787,0.8091820219837103,0.0
1788,0.8361405371900964,0.0
1789,0.7489971600438566,0.0
1790,0.7084121821960696,0.0
1791,0.87209244125868,0.0
1792,0.6207927869247613,0.0
1793,0.8254233675815965,0.0
1794,0.784028479570307,0.0
1795,0.7026714588113195,0.0
1796,0.7812180863102369,0.0
1797,0.7627548661072205,0.0
1798,0.7396005543826506,0.0
1799,0.8086178273097362,0.0
1800,0.7448792943238576,0.0
1801,0.7435949139929299,0.0
1802,0.7821348093826725,0.0
1803,0.7173371308162033,0.0
1804,0.7490904005940885,0.0
1805,0.6767656442615289,0.0
1806,0.7645163748819749,0.0
1807,0.8390331204135251,0.0
1808,0.7134564433317251,0.0
1809,0.6846148574490541,0.0
1810,0.819292428764659,0.0
1811,0.7711276303569539,0.0
1812,0.6822778212338624,0.0
1813,0.7936299698963915,0.0
1814,0.7080668757166115,0.0
1815,0.7919421895432954,0.0
1816,0.8069406040243695,0.0
1817,0.803438754913308,0.0
1818,0.6720508788699616,0.0
1819,0.8292385201198998,0.0
1820,0.7713344060941307,0.0
1821,0.7261957621664458,0.0
1822,0.83327325541719,0.0
1823,0.7777459599868779,0.0
1824,0.7933185569921068,0.0
1825,0.7467904729583101,0.0
1826,0.7438183608721852,0.0
1827,0.7741455624206897,0.0
1828,0.8771070195923486,0.0
1829,0.8104612894319454,0.0
1830,0.7470816042555026,0.0
1831,0.7279150423641793,0.0
1832,0.8382009019736926,0.0
1833,0.8368266950011944,0.0
1834,0.82453246775863,0.0
1835,0.7683906113372604,0.0
1836,0.5937579693053525,0.0
1837,0.7598700063940967,0.0
1838,0.7373051781576937,0.0
1839,0.7876469917758971,0.0
1840,0.8517045972491404,0.0
1841,0.7621507077322675,0.0
1842,0.8069937383547325,0.0
1843,0.825354777418773,0.0
1844,0.7870687955085544,0.0
1845,0.7480696596678901,0.0
1846,0.7891534888821262,0.0
1847,0.8103418066117818,0.0
1848,0.7622749979826127,0.0
1849,0.6080938119130077,0.0
1850,0.7956645761679269,0.0
1851,0.8111381069161077,0.0
1852,0.7899611331117469,0.0
1853,0.8367649463280786,0.0
1854,0.7078348847769709,0.0
1855,0.752677589829736,0.0
1856,0.8064890710560478,0.0
1857,0.6326925004267349,0.0
1858,0.7769244036415208,0.0
1859,0.6888879937237548,0.0
1860,0.6695058035224712,0.0
1861,0.620345456835499,0.0
1862,0.7781369018597896,0.0
1863,0.7801858245390898,0.0
1864,0.7358365516769588,0.0
1865,0.7842493652811191,0.0
1866,0.5606945243011742,0.0
1867,0.8525429890641304,0.0
1868,0.7330165941796094,0.0
1869,0.7429223417801679,0.0
1870,0.8385574373989282,0.0
1871,0.8407462404264396,0.0
1872,0.7926457605565832,0.0
1873,0.5823424054301704,0.0
1874,0.8244797999626334,0.0
1875,0.6174048320837435,0.0
1876,0.6950938919019618,0.0
1877,0.842312614175043,0.0
1878,0.7487085719275648,0.0
1879,0.8204059983029108,0.0
1880,0.5618627262929209,0.0
1881,0.7415721710736988,0.0
1882,0.6447507768286882,0.0
1883,0.7911695381148189,0.0
1884,0.8646170051879496,0.0
1885,0.8099645521004467,0.0
1886,0.7935868875409948,0.0
1887,0.7137715317129538,0.0
1888,0.7476598961040788,0.0
1889,0.8140917853855444,0.0
1890,0.6489692241597115,0.0
1891,0.7324297012147414,0.0
1892,0.8721151586550635,0.0
1893,0.7222918156551994,0.0
1894,0.8415236398761876,0.0
1895,0.6305042667790078,0.0
1896,0.828686734440399,0.0
1897,0.814565561102541,0.0
1898,0.8406732980190531,0.0
1899,0.6048691530463491,0.0
1900,0.6989469675386636,0.0
1901,0.7892681172613173,0.0
1902,0.7508325997623837,0.0
1903,0.77191831465296,0.0
1904,0.8170356699646515,0.0
1905,0.8262599620064237,0.0
1906,0.6280305023261333,0.0
1907,0.7961873418180945,0.0
1908,0.8311982631716904,0.0
1909,0.8340707266568753,0.0
1910,0.7047492425474027,0.0
1911,0.8033499142248396,0.0
1912,0.7985870427156999,0.0
1913,0.8452145044240112,0.0
1914,0.7972271986921001,0.0
1915,0.7465408755354933,0.0
1916,0.7652837095407623,0.0
1917,0.8111795219268718,0.0
1918,0.8002455894181667,0.0
1919,0.7358240223353206,0.0
1920,0.7237797409652689,0.0
1921,0.7174882370319577,0.0
1922,0.8366518162137119,0.0
1923,0.869895766652227,0.0
1924,0.8005458688114201,0.0
1925,0.7549165575483385,0.0
1926,0.8180542549011013,0.0
1927,0.623371847867975,0.0
1928,0.7937365102205057,0.0
1929,0.7913382779195383,0.0
1930,0.8153967993748302,0.0
1931,0.6788003361415587,0.0
1932,0.8290198066562883,0.0
1933,0.6963516329565453,0.0
1934,0.6963201079486241,0.0
1935,0.8611968590246037,0.0
1936,0.8048065895531843,0.0
1937,0.7272857717323901,0.0
1938,0.82411468474741,0.0
1939,0.8059842465120453,0.0
1940,0.7643282433942704,0.0
1941,0.738963334157697,0.0
1942,0.89428488482449,0.0
1943,0.8578905900856048,0.0
1944,0.8332207548028351,0.0
1945,0.8732071541925326,0.0
1946,0.8667598111823653,0.0
1947,0.6741277331673325,0.0
1948,0.8297301781988287,0.0
1949,0.8057116963889547,0.0
1950,0.7298236580520306,0.0
1951,0.6645829814690859,0.0
1952,0.7649588278393936,0.0
1953,0.6823412863639708,0.0
1954,0.8088110944448672,0.0
1955,0.6534735755916057,0.0
1956,0.8417342347250751,0.0
1957,0.8485484554921476,0.0
1958,0.7442191023563608,0.0
1959,0.7941511591122736,0.0
1960,0.7713004512651485,0.0
1961,0.664552815363903,0.0
1962,0.7248447927950358,0.0
1963,0.7544956513779394,0.0
1964,0.8444927072650074,0.0
1965,0.8484677140229266,0.0
1966,0.7467383788039158,0.0
1967,0.775926720215082,0.0
1968,0.8153079839643815,0.0
1969,0.6725600403665023,0.0
1970,0.7908634997098075,0.0
1971,0.8021621921240546,0.0
1972,0.7278766107661466,0.0
1973,0.7536276553421255,0.0
1974,0.8257817866603617,0.0
1975,0.863998344371433,0.0
1976,0.8152491919846977,0.0
1977,0.787590625653856,0.0
1978,0.6319785011148824,0.0
1979,0.8372292324671424,0.0
1980,0.6919842199168426,0.0
1981,0.6464919150614397,0.0
1982,0.6570513854781104,0.0
1983,0.6236081896048407,0.0
1984,0.6933036480993308,0.0
1985,0.6720716798467998,0.0
1986,0.7866340639597532,0.0
1987,0.7204228204781339,0.0
1988,0.7134265543309012,0.0
1989,0.7596831297934439,0.0
1990,0.7489303173087066,0.0
1991,0.7139048432781897,0.0
1992,0.8400792477152628,0.0
1993,0.6683424233658947,0.0
1994,0.7721579559772915,0.0
1995,0.7731318454003498,0.0
1996,0.842809084415719,0.0
1997,0.8428192149065575,0.0
1998,0.7830690554774175,0.0
1999,0.7736460549894767,0.0
